pdb_chain,mut_from,mut_to,gene_no,ddg,score
A,PRO,SER,4,0.207053,10.0
A,LEU,PRO,6,0.457961,10.0
A,GLY,ARG,25,1.55384,10.0
A,GLY,SER,39,3.5215,10.0
A,GLY,GLU,49,12.8392,10.0
A,ALA,THR,86,0.205763,10.0
A,LEU,PHE,90,-0.079468,10.0
A,PRO,SER,94,0.362675,10.0
A,PRO,SER,107,1.13439,10.0
A,PRO,SER,107,1.3621,43.2
A,PHE,LEU,109,0.424462,43.2
A,PHE,LEU,109,0.7833,10.0
A,GLU,LYS,119,-0.257005,43.2
A,GLU,LYS,119,0.246943,10.0
A,ASP,ASN,120,-0.508915,43.2
A,ASP,ASN,120,-0.198743,10.0
A,PRO,PHE,121,0.137773,10.0
A,PRO,PHE,121,1.4886,43.2
A,SER,PHE,125,-1.1569,10.0
A,SER,PHE,125,0.206323,43.2
A,LYS,GLN,129,0.247271,10.0
A,LYS,GLN,129,0.64838,43.2
A,ARG,LEU,132,0.254076,43.2
A,ARG,LEU,132,0.66366,10.0
A,HIS,TYR,134,-0.697658,10.0
A,HIS,TYR,134,-0.68909,43.2
A,HIS,TYR,134,0.419229,55.15
A,ARG,GLN,157,0.253735,55.15
A,ARG,GLN,157,0.461695,43.2
A,ARG,GLN,157,0.525393,10.0
A,ASP,ASN,158,0.0684738,55.15
A,ASP,ASN,158,0.132457,43.2
A,ASP,ASN,158,0.299325,10.0
A,SER,LEU,161,-0.158533,10.0
A,SER,LEU,161,0.30416,43.2
A,SER,LEU,161,0.715192,55.15
A,PRO,LEU,164,0.0409844,10.0
A,PRO,LEU,164,0.50828,43.2
A,PRO,LEU,164,1.13148,55.15
A,PRO,SER,164,0.900857,55.15
A,PRO,SER,164,1.71932,43.2
A,PRO,SER,164,1.83363,10.0
A,GLY,ARG,168,-0.211471,55.15
A,GLY,ARG,168,1.60883,43.2
A,GLY,ARG,168,2.08539,10.0
A,PRO,LEU,184,0.952206,43.2
A,PRO,LEU,184,1.17789,10.0
A,PRO,LEU,184,1.36782,55.15
A,HIS,TYR,189,-0.785062,55.15
A,HIS,TYR,189,-0.216987,10.0
A,HIS,TYR,189,-0.15646,43.2
A,GLU,LYS,197,-1.35846,43.2
A,GLU,LYS,197,-1.27723,55.15
A,GLU,LYS,197,-0.372266,10.0
A,GLU,VAL,197,-0.922426,55.15
A,GLU,VAL,197,-0.502047,43.2
A,GLU,VAL,197,0.61147,10.0
A,PRO,LEU,202,0.341616,55.15
A,PRO,LEU,202,0.99241,43.2
A,PRO,LEU,202,1.16968,10.0
A,GLY,SER,208,2.4858,43.2
A,GLY,SER,208,3.81685,10.0
A,GLY,SER,208,3.94572,55.15
A,GLY,SER,216,2.97234,10.0
A,GLY,SER,216,3.21281,43.2
A,GLY,SER,216,7.58941,55.15
A,ARG,GLN,234,0.579477,55.15
A,ARG,GLN,234,0.620608,43.2
A,ARG,GLN,234,0.930057,10.0
A,GLY,ARG,236,-0.810394,43.2
A,GLY,ARG,236,1.73652,10.0
A,GLY,ARG,236,2.17355,55.15
A,PRO,PHE,239,1.58827,55.15
A,PRO,PHE,239,1.90776,10.0
A,PRO,PHE,239,2.25375,43.2
A,PRO,LEU,240,-0.916191,55.15
A,PRO,LEU,240,1.11348,10.0
A,PRO,LEU,240,1.48574,43.2
A,PRO,SER,240,-0.682089,55.15
A,PRO,SER,240,1.19193,10.0
A,PRO,SER,240,1.69221,43.2
A,GLY,ARG,246,-0.356052,43.2
A,GLY,ARG,246,2.09994,55.15
A,GLY,ARG,246,2.97355,10.0
A,GLY,GLU,246,-0.140922,43.2
A,GLY,GLU,246,2.39148,55.15
A,GLY,GLU,246,3.12974,10.0
A,GLY,LYS,246,-0.417868,43.2
A,GLY,LYS,246,2.34317,55.15
A,GLY,LYS,246,2.94545,10.0
A,GLY,SER,247,0.263286,55.15
A,GLY,SER,247,1.816,43.2
A,GLY,SER,247,5.58111,10.0
A,GLU,LYS,254,-0.0988708,10.0
A,GLU,LYS,254,0.0356261,55.15
A,GLU,LYS,254,0.0517015,43.2
A,HIS,TYR,260,-0.507612,55.15
A,HIS,TYR,260,-0.000117048,10.0
A,HIS,TYR,260,0.925905,43.2
A,LEU,PHE,261,-0.414907,10.0
A,LEU,PHE,261,-0.0227565,55.15
A,LEU,PHE,261,1.90271,43.2
A,PRO,LEU,265,-0.0979167,43.2
A,PRO,LEU,265,1.56382,55.15
A,PRO,LEU,265,1.63463,10.0
A,PRO,SER,265,0.413216,43.2
A,PRO,SER,265,1.70478,10.0
A,PRO,SER,265,2.85038,55.15
A,GLY,SER,267,-0.041994,43.2
A,GLY,SER,267,0.173194,55.15
A,GLY,SER,267,3.63267,10.0
A,ASP,TYR,272,-1.28933,43.2
A,ASP,TYR,272,-0.948656,55.15
A,ASP,TYR,272,0.682989,10.0
A,PRO,LEU,277,0.862934,10.0
A,PRO,LEU,277,1.34024,55.15
A,GLY,GLU,288,2.30528,10.0
A,GLY,GLU,288,2.41636,55.15
A,ASP,ASN,293,-0.730518,10.0
A,ASP,ASN,293,-0.461309,55.15
A,THR,ILE,305,-0.751107,55.15
A,THR,ILE,305,-0.689237,10.0
A,THR,ILE,305,4.65637,53.15
A,SER,PHE,312,0.243273,10.0
A,SER,PHE,312,0.369462,55.15
A,SER,PHE,312,1.07349,53.15
A,PRO,LEU,323,0.694033,10.0
A,PRO,LEU,323,0.896905,48.7
A,PRO,LEU,323,1.02387,53.15
A,PRO,LEU,323,1.10693,55.15
A,GLY,ARG,329,0.846017,48.7
A,GLY,ARG,329,3.19585,55.15
A,GLY,ARG,329,3.47826,10.0
A,GLY,ARG,329,14.1991,53.15
A,GLY,GLU,329,1.18419,48.7
A,GLY,GLU,329,3.53004,55.15
A,GLY,GLU,329,3.54902,10.0
A,GLY,GLU,329,15.0858,53.15
A,HIS,LEU,340,-0.987149,10.0
A,HIS,LEU,340,-0.813203,48.7
A,HIS,LEU,340,-0.638089,55.15
A,HIS,LEU,340,-0.148982,53.15
A,HIS,LEU,340,0.150249,52.65
A,ASP,ASN,357,-1.31304,10.0
A,ASP,ASN,357,-0.467767,53.15
A,ASP,ASN,357,0.064396,48.7
A,ASP,ASN,357,0.445889,52.65
A,ASP,ASN,357,3.4249,61.65
A,ARG,TRP,373,0.351882,53.15
A,ARG,TRP,373,0.427693,52.65
A,ARG,TRP,373,0.433314,61.65
A,ARG,TRP,373,0.61587,10.0
A,ARG,TRP,373,1.26309,48.7
A,GLY,SER,375,1.30683,61.65
A,GLY,SER,375,1.8686,48.7
A,GLY,SER,375,1.89098,52.65
A,GLY,SER,375,3.9396,10.0
A,GLY,SER,375,5.97221,53.15
A,SER,PHE,376,-0.489227,53.15
A,SER,PHE,376,-0.224454,48.7
A,SER,PHE,376,0.905521,10.0
A,SER,PHE,376,5.56403,52.65
A,SER,PHE,376,20.8028,61.65
A,PRO,LEU,382,1.29506,10.0
A,PRO,LEU,382,1.63697,48.7
A,PRO,LEU,382,1.70157,61.65
A,PRO,LEU,382,1.93891,52.65
A,PRO,LEU,382,1.98874,53.15
A,PRO,SER,400,1.07533,61.65
A,PRO,SER,400,2.02613,10.0
A,PRO,SER,400,2.1475,52.65
A,PRO,SER,400,2.44268,53.15
A,PRO,SER,400,2.65638,48.7
A,GLN,ARG,406,-0.281809,53.15
A,GLN,ARG,406,-0.268341,52.65
A,GLN,ARG,406,-0.208609,61.65
A,GLN,ARG,406,-0.176173,48.7
A,GLN,ARG,406,-0.0518138,10.0
A,GLN,HIS,406,0.331809,53.15
A,GLN,HIS,406,0.381932,61.65
A,GLN,HIS,406,0.580608,48.7
A,GLN,HIS,406,0.596081,52.65
A,GLN,HIS,406,0.654645,10.0
A,GLY,SER,414,2.83202,10.0
A,GLY,SER,414,3.91182,61.65
A,GLY,SER,414,3.97536,53.15
A,GLY,SER,414,7.46133,48.7
A,GLY,SER,414,7.91264,52.65
A,SER,LEU,425,-1.21725,53.15
A,SER,LEU,425,-0.25253,48.7
A,SER,LEU,425,-0.114955,10.0
A,SER,LEU,425,0.268955,61.65
A,SER,LEU,425,1.09001,52.65
A,GLY,ARG,426,2.68212,10.0
A,GLY,ARG,426,3.29192,48.7
A,GLY,ARG,426,3.41749,52.65
A,GLY,ARG,426,4.86546,53.15
A,GLY,ARG,426,4.97735,61.65
A,CYS,SER,436,2.69245,48.7
A,CYS,SER,436,3.47099,53.15
A,CYS,SER,436,3.73405,10.0
A,CYS,SER,436,4.0252,61.65
A,CYS,SER,436,6.13946,52.65
A,PRO,LEU,445,0.504908,52.65
A,PRO,LEU,445,1.00748,48.7
A,PRO,LEU,445,1.75146,53.15
A,PRO,LEU,445,3.48482,10.0
A,PRO,LEU,445,3.62759,61.65
A,SER,PHE,451,-1.29103,53.15
A,SER,PHE,451,-0.940865,61.65
A,SER,PHE,451,-0.829696,48.7
A,SER,PHE,451,-0.363999,10.0
A,SER,PHE,451,-0.0511558,52.65
A,CYS,TYR,452,3.15506,10.0
A,CYS,TYR,452,4.57546,48.7
A,CYS,TYR,452,4.60027,61.65
A,CYS,TYR,452,6.21453,53.15
A,CYS,TYR,452,7.43586,52.65
A,SER,PHE,458,-0.251327,10.0
A,SER,PHE,458,-0.191557,52.65
A,SER,PHE,458,-0.118572,61.65
A,SER,PHE,458,1.45231,48.7
A,SER,PHE,458,6.48058,53.15
A,GLU,LYS,478,-1.06906,52.65
A,GLU,LYS,478,-0.55425,53.15
A,GLU,LYS,478,-0.418541,48.7
A,GLU,LYS,478,-0.284288,61.65
A,GLU,LYS,478,5.53951,10.0
A,PRO,SER,486,0.0672501,53.15
A,PRO,SER,486,0.346502,48.7
A,PRO,SER,486,0.920986,52.65
A,PRO,SER,486,1.73989,61.65
A,PRO,SER,486,2.13032,10.0
A,ASP,ASN,492,-0.232229,10.0
A,ASP,ASN,492,0.0101523,48.7
A,ASP,ASN,492,0.221656,52.65
A,ASP,ASN,492,0.318024,53.15
A,ASP,ASN,492,1.32157,61.65
A,LEU,PHE,494,-0.249168,48.7
A,LEU,PHE,494,-0.141274,52.65
A,LEU,PHE,494,-0.123054,53.15
A,LEU,PHE,494,0.0871002,61.65
A,LEU,PHE,494,0.536607,10.0
A,ALA,SER,495,-0.424078,53.15
A,ALA,SER,495,0.044867,10.0
A,ALA,SER,495,0.0971382,52.65
A,ALA,SER,495,0.33815,61.65
A,ALA,SER,495,1.11196,48.7
A,PRO,SER,503,1.23344,10.0
A,PRO,SER,503,1.25978,53.15
A,PRO,SER,503,1.27411,52.65
A,PRO,SER,503,1.27533,61.65
A,PRO,SER,503,1.382,48.7
A,GLY,ASP,504,-0.911332,52.65
A,GLY,ASP,504,0.364326,61.65
A,GLY,ASP,504,0.600881,53.15
A,GLY,ASP,504,3.7421,48.7
A,GLY,ASP,504,12.1174,10.0
A,GLU,LYS,513,-0.749467,61.65
A,GLU,LYS,513,-0.658173,52.65
A,GLU,LYS,513,0.085742,10.0
A,GLU,GLN,516,-0.260107,52.65
A,GLU,GLN,516,-0.0723142,61.65
A,GLU,GLN,516,0.0119082,10.0
A,PRO,LEU,521,1.995,52.65
A,PRO,LEU,521,2.16419,10.0
A,PRO,LEU,521,2.74913,61.65
A,PRO,SER,521,3.05363,52.65
A,PRO,SER,521,3.64924,61.65
A,PRO,SER,521,3.67101,10.0
A,GLU,LYS,550,-1.30929,10.0
A,GLU,LYS,550,-1.30057,61.65
A,GLU,LYS,550,-0.0676239,52.65
A,ASP,ASN,553,-1.08502,10.0
A,ASP,ASN,553,-0.0268312,61.65
A,ASP,GLU,553,-0.210969,10.0
A,ASP,GLU,553,0.436207,61.65
A,CYS,TYR,555,2.78678,10.0
A,CYS,TYR,555,5.91647,61.65
A,SER,PHE,558,0.193744,10.0
A,SER,PHE,558,0.546141,61.65
A,PRO,SER,559,2.52254,61.65
A,PRO,SER,559,2.87286,10.0
A,HIS,TYR,574,-0.668251,61.65
A,HIS,TYR,574,-0.618768,10.0
A,LEU,PHE,578,0.000450982,61.65
A,LEU,PHE,578,0.168522,10.0
A,GLY,ARG,583,1.98841,61.65
A,GLY,ARG,583,4.08418,10.0
A,PRO,LEU,599,1.76293,10.0
A,PRO,SER,599,2.06453,10.0
A,GLY,ARG,601,3.05837,10.0
A,ASP,ASN,606,-1.21222,10.0
A,LEU,PHE,607,-0.473264,10.0
A,PRO,LEU,608,0.553916,10.0
A,GLY,ARG,609,5.85187,10.0
A,PHE,LEU,612,0.124784,10.0
A,PRO,LEU,616,1.0029,10.0
A,PRO,LEU,627,0.958551,10.0
A,LEU,ARG,628,0.226078,10.0
A,ASN,SER,632,0.299214,10.0
A,ASP,ASN,642,-1.04536,10.0
A,ASP,TYR,642,-0.0570336,10.0
A,PRO,LEU,661,-1.66689,10.0
A,HIS,TYR,669,-0.310896,10.0
A,TRP,CYS,683,2.00278,10.0
A,GLY,ARG,685,3.28061,10.0
A,PRO,SER,686,1.42618,10.0
A,ALA,VAL,701,1.05692,10.0
A,GLY,GLU,704,23.5119,10.0
A,PRO,LEU,737,2.17837,10.0
A,GLY,GLU,749,-0.0577925,10.0
A,GLY,LYS,749,-0.404958,10.0
A,GLY,ARG,761,2.97667,10.0
A,THR,ILE,781,-1.37848,10.0
A,ARG,LYS,785,0.422591,10.0
A,GLU,LYS,803,0.927199,10.0
A,GLY,LYS,804,-0.473469,10.0
A,THR,ILE,820,-0.353607,10.0
A,PRO,SER,825,0.746149,10.0
A,PRO,LEU,828,6.8078,10.0
A,ARG,GLY,829,1.46692,10.0
A,GLY,ALA,835,5.1204,10.0
A,TYR,HIS,836,2.26314,10.0
A,MET,ILE,845,-0.0707657,10.0
A,PRO,SER,852,3.31611,10.0
A,LEU,PHE,860,0.294524,10.0
A,GLY,ARG,876,1.8099,10.0
A,SER,PHE,885,3.38902,10.0
A,ALA,THR,889,1.30952,10.0
A,GLN,LEU,893,-0.723394,10.0
A,ASP,ASN,896,1.44771,10.0
A,SER,PHE,899,-0.368873,10.0
A,LEU,PHE,900,3.82443,10.0
A,GLY,ARG,904,3.56185,10.0
A,GLY,GLU,904,2.34749,10.0
A,PRO,LEU,912,0.351522,10.0
A,HIS,TYR,917,-0.619016,10.0
A,HIS,TYR,917,0.0676716,42.7
A,GLY,GLU,921,3.10394,42.7
A,GLY,GLU,921,3.74743,10.0
A,GLN,ARG,923,-0.428183,42.7
A,GLN,ARG,923,0.000606888,10.0
A,HIS,LEU,930,-1.11071,42.7
A,HIS,LEU,930,-0.751371,10.0
A,VAL,MET,931,-0.167208,10.0
A,VAL,MET,931,-0.028511,42.7
A,PRO,LEU,938,0.861978,42.7
A,PRO,LEU,938,1.84419,10.0
A,ALA,THR,943,5.66581,42.7
A,ALA,THR,943,7.42671,10.0
A,PRO,LEU,949,0.491946,10.0
A,PRO,LEU,949,1.16727,42.7
A,ASP,ASN,961,-0.136114,42.7
A,ASP,ASN,961,0.430429,10.0
A,SER,PHE,974,-0.292392,42.7
A,SER,PHE,974,-0.105162,10.0
A,PRO,SER,976,2.02331,10.0
A,PRO,SER,976,2.71399,42.7
A,HIS,GLN,978,-0.744582,42.7
A,HIS,GLN,978,-0.654486,10.0
A,HIS,TYR,980,-0.144001,10.0
A,HIS,TYR,980,-0.0335223,42.7
A,THR,SER,984,0.164079,42.7
A,THR,SER,984,0.874901,10.0
A,PRO,LEU,985,0.8273,42.7
A,PRO,LEU,985,1.10296,10.0
A,GLY,GLU,988,1.00188,42.7
A,GLY,GLU,988,1.95355,10.0
A,GLY,ARG,989,0.745482,42.7
A,GLY,ARG,989,2.44098,10.0
A,HIS,TYR,991,-0.619184,42.7
A,HIS,TYR,991,-0.382597,10.0
A,ARG,CYS,1002,0.669534,10.0
A,ARG,CYS,1002,1.23136,42.7
A,ASP,GLU,1008,-0.629055,42.7
A,ASP,GLU,1008,0.752285,10.0
A,ASP,ASN,1012,-0.139533,10.0
A,ASP,ASN,1012,-0.0340525,42.7
A,PRO,PHE,1017,-0.336978,42.7
A,PRO,PHE,1017,1.36966,10.0
A,GLY,SER,1019,4.78895,10.0
A,GLY,SER,1019,5.10407,42.7
A,GLU,LYS,1044,-0.108262,42.7
A,GLU,LYS,1044,0.943329,10.0
A,PRO,SER,1049,1.84286,10.0
A,PRO,SER,1049,2.45974,42.7
A,HIS,TYR,1051,-0.114173,42.7
A,HIS,TYR,1051,0.619321,10.0
A,PRO,SER,1054,2.01976,42.7
A,PRO,SER,1054,2.32577,10.0
A,HIS,TYR,1057,0.0291198,10.0
A,HIS,TYR,1057,1.71355,42.7
A,GLY,ASN,1070,0.0996802,42.7
A,GLY,ASN,1070,3.70737,10.0
A,GLY,CYS,1078,2.99722,42.7
A,GLY,CYS,1078,3.83551,10.0
A,ALA,THR,1088,0.0636409,10.0
A,PRO,PHE,1089,-1.607,10.0
A,SER,PHE,1090,-0.347215,10.0
A,GLY,GLU,1099,1.71044,10.0
A,GLY,LYS,1099,1.54056,10.0
A,LEU,PHE,1117,0.0784633,10.0
A,PRO,PHE,1123,0.432087,10.0
A,PRO,SER,1129,-1.72824,10.0
A,PRO,SER,1131,1.44238,10.0
A,GLY,ASN,1133,3.18403,10.0
A,GLY,CYS,1133,3.48637,10.0
A,GLY,SER,1135,-0.406335,10.0
A,PRO,SER,1137,1.62571,10.0
A,SER,PHE,1138,-1.24959,10.0
A,PRO,LEU,1139,0.943236,10.0
A,ASN,ASP,1143,0.170448,10.0
A,GLY,ARG,1153,0.38983,10.0
A,GLY,GLU,1153,0.628269,10.0
A,SER,PRO,1160,3.77069,10.0
A,PRO,LEU,1166,1.4137,10.0
A,GLY,ARG,1167,4.14726,10.0
A,GLY,GLU,1167,3.22185,10.0
A,PRO,SER,1168,1.07145,10.0
A,ARG,GLN,1169,0.44359,10.0
A,ARG,TRP,1169,1.14212,10.0
A,PRO,LEU,1173,-1.93576,10.0
A,GLY,ARG,1177,-1.03467,64.65
A,GLY,ARG,1177,0.889685,10.0
A,GLY,GLU,1177,0.75076,64.65
A,GLY,GLU,1177,1.08396,10.0
A,ASP,ASN,1184,-0.825303,10.0
A,ASP,ASN,1184,-0.487869,64.65
A,ALA,THR,1189,-0.229177,10.0
A,ALA,THR,1189,0.39188,64.65
A,PRO,LEU,1194,0.892013,10.0
A,PRO,LEU,1194,3.96929,64.65
A,PRO,SER,1194,2.79609,10.0
A,PRO,SER,1194,2.94395,64.65
A,GLY,ARG,1195,-0.739571,64.65
A,GLY,ARG,1195,-0.699234,10.0
A,GLY,GLU,1195,-0.670332,10.0
A,GLY,GLU,1195,-0.582525,64.65
A,GLY,ARG,1196,-0.141112,64.65
A,GLY,ARG,1196,11.6117,10.0
A,ASP,ASN,1199,-2.28367,64.65
A,ASP,ASN,1199,0.505932,10.0
A,ASP,GLU,1199,2.36764,64.65
A,ASP,GLU,1199,6.09684,10.0
A,ASP,TYR,1202,12.3221,10.0
A,ASP,TYR,1202,25.5174,64.65
A,GLY,ARG,1206,3.26208,10.0
A,GLY,ARG,1206,3.87146,64.65
A,GLY,ILE,1206,4.51359,10.0
A,GLY,ILE,1206,6.26568,64.65
A,PRO,SER,1210,4.68293,10.0
A,PRO,SER,1210,4.86391,64.65
A,PRO,LEU,1215,0.980642,10.0
A,PRO,LEU,1215,1.70312,64.65
A,PRO,SER,1215,1.54256,64.65
A,PRO,SER,1215,1.99067,10.0
A,SER,PHE,1216,0.0300555,10.0
A,SER,PHE,1216,0.721915,64.65
A,ARG,GLN,1219,0.277334,10.0
A,ARG,GLN,1219,0.832411,64.65
A,ARG,TRP,1219,0.381788,64.65
A,ARG,TRP,1219,0.961045,10.0
A,LEU,PHE,1223,-0.38985,64.65
A,LEU,PHE,1223,0.0935437,10.0
A,PHE,CYS,1224,3.33863,64.65
A,PHE,CYS,1224,3.75245,10.0
A,ARG,TRP,1225,1.84037,64.65
A,ARG,TRP,1225,1.93099,10.0
A,GLY,ARG,1227,1.86395,64.65
A,GLY,ARG,1227,2.48774,10.0
A,GLY,GLU,1227,2.64463,64.65
A,GLY,GLU,1227,3.74011,10.0
A,PRO,LEU,1231,1.31078,64.65
A,PRO,LEU,1231,1.37364,10.0
A,PRO,SER,1231,1.66564,64.65
A,PRO,SER,1231,2.40778,10.0
A,ASP,ASN,1244,-0.90914,10.0
A,ASP,ASN,1244,-0.492924,64.65
A,PRO,SER,1249,0.412988,64.65
A,PRO,SER,1249,0.986512,10.0
A,PRO,LEU,1253,1.04854,10.0
A,PRO,LEU,1253,1.27609,64.65
A,ASP,ASN,1288,-0.0236016,10.0
A,ASP,ASN,1288,0.672072,64.65
A,PRO,LEU,1295,0.26049,64.65
A,PRO,LEU,1295,0.929041,10.0
A,PRO,SER,1295,1.12106,64.65
A,PRO,SER,1295,2.17103,10.0
A,ALA,THR,1298,-0.209573,64.65
A,ALA,THR,1298,0.199303,10.0
A,VAL,MET,1301,-1.94297,64.65
A,VAL,MET,1301,-1.46579,10.0
A,VAL,ILE,1302,-1.22028,64.65
A,VAL,ILE,1302,-1.10522,10.0
A,PRO,LEU,1305,1.13968,10.0
A,PRO,LEU,1305,1.5677,64.65
A,ALA,VAL,1307,-0.159097,10.0
A,ALA,VAL,1307,0.597603,64.65
A,VAL,MET,1318,-1.50502,64.65
A,VAL,MET,1318,-0.934916,10.0
A,ARG,LYS,1330,0.0334232,10.0
A,ARG,LYS,1330,0.395405,64.65
A,ASP,VAL,1337,-2.02158,64.65
A,ASP,VAL,1337,-1.38744,10.0
A,PRO,LEU,1343,1.33609,10.0
A,PRO,LEU,1343,2.06267,64.65
A,GLU,LYS,1348,-1.05373,64.65
A,GLU,LYS,1348,0.67295,10.0
A,ARG,GLN,1355,0.294651,10.0
A,ARG,GLN,1355,1.5517,64.65
A,ARG,TRP,1355,0.924034,10.0
A,ARG,TRP,1355,3.35489,64.65
A,ARG,LYS,1362,-0.0191767,64.65
A,ARG,LYS,1362,0.190455,10.0
A,SER,PHE,1376,-0.78775,64.65
A,SER,PHE,1376,-0.0346907,10.0
A,LEU,PHE,1377,0.276681,64.65
A,LEU,PHE,1377,0.32767,10.0
A,ASP,ASN,1388,0.298081,10.0
A,ASP,ASN,1388,0.666594,64.65
A,ASP,ASN,1395,-0.286642,64.65
A,ASP,ASN,1395,-0.000391657,10.0
A,HIS,LEU,1396,-0.231963,64.65
A,HIS,LEU,1396,0.374755,10.0
A,ARG,CYS,1400,0.537307,64.65
A,ARG,CYS,1400,1.27673,10.0
A,PRO,LEU,1402,0.0943206,64.65
A,PRO,LEU,1402,0.467119,10.0
A,ASP,ASN,1404,1.08717,64.65
A,ASP,ASN,1404,3.04544,10.0
A,PRO,LEU,1405,1.59992,10.0
A,PRO,LEU,1405,7.92974,64.65
A,GLY,ARG,1406,-0.541081,10.0
A,GLY,ARG,1406,-0.332057,64.65
A,LEU,PHE,1407,0.500305,64.65
A,LEU,PHE,1407,1.38757,10.0
A,ARG,PRO,1410,3.50245,10.0
A,ARG,PRO,1410,5.80464,64.65
A,GLU,LYS,1422,-1.34145,64.65
A,GLU,LYS,1422,-0.503014,10.0
A,PRO,LEU,1426,1.03089,64.65
A,PRO,LEU,1426,1.60905,10.0
A,PRO,SER,1426,1.31248,64.65
A,PRO,SER,1426,2.99459,10.0
A,GLY,GLU,1427,-0.383734,64.65
A,GLY,GLU,1427,2.59947,10.0
A,PRO,SER,1428,1.25702,10.0
A,PRO,SER,1428,2.1473,64.65
A,THR,ILE,1438,-0.073582,10.0
A,PRO,SER,1440,1.0879,10.0
A,GLY,GLU,1463,-0.794618,10.0
A,LEU,PHE,1468,0.0622675,10.0
A,ARG,GLN,1474,-0.545266,10.0
A,ARG,GLN,1476,0.0638823,10.0
A,GLU,LYS,1477,0.0904232,10.0
E,GLU,LYS,1477,0.0114237,85.85
A,GLY,ARG,1479,-0.203139,10.0
E,GLY,ARG,1479,2.5942,85.85
A,GLY,GLU,1479,-0.33572,10.0
E,GLY,GLU,1479,2.62866,85.85
A,PRO,SER,1485,1.16156,10.0
E,PRO,SER,1485,1.70001,85.85
A,ARG,TRP,1492,0.268709,10.0
E,ARG,TRP,1492,2.5852,85.85
A,SER,LEU,1495,-0.13777,10.0
E,SER,LEU,1495,-0.482386,85.85
A,PRO,LEU,1497,-0.867296,10.0
E,PRO,LEU,1497,1.02118,85.85
A,PRO,SER,1497,-0.268796,10.0
E,PRO,SER,1497,1.33976,85.85
A,PRO,LEU,1502,1.14687,10.0
E,PRO,LEU,1502,0.780497,85.85
A,PRO,SER,1503,1.48153,10.0
E,PRO,SER,1503,1.748,85.85
A,ALA,THR,1518,2.8566,10.0
E,ALA,THR,1518,1.58546,85.85
A,PRO,SER,1531,0.282776,10.0
E,PRO,SER,1531,1.86383,85.85
A,PRO,LEU,1562,0.726468,10.0
E,PRO,LEU,1562,0.441188,85.85
A,PRO,SER,1562,0.536234,10.0
E,PRO,SER,1562,1.44742,85.85
A,PRO,PHE,1569,0.997707,10.0
E,PRO,PHE,1569,2.02839,85.85
A,PRO,SER,1569,1.44819,10.0
E,PRO,SER,1569,1.56506,85.85
A,GLU,LYS,1576,-0.264342,10.0
E,GLU,LYS,1576,0.0905321,85.85
A,PRO,SER,1578,0.202826,10.0
E,PRO,SER,1578,-0.0322191,85.85
A,ASP,ASN,1586,-0.507187,10.0
E,ASP,ASN,1586,0.511349,85.85
A,GLY,ARG,1587,6.24728,10.0
E,GLY,ARG,1587,6.25752,85.85
A,SER,THR,1593,-0.365667,10.0
E,SER,THR,1593,0.482675,85.85
A,ALA,THR,1608,-0.139929,10.0
A,ALA,THR,1608,1.21386,62.15
E,ALA,THR,1608,0.473205,85.85
A,TRP,LEU,1609,-0.400407,62.15
A,TRP,LEU,1609,0.0839904,10.0
E,TRP,LEU,1609,0.287398,85.85
A,GLY,ARG,1611,2.09855,10.0
A,GLY,ARG,1611,6.68913,62.15
E,GLY,ARG,1611,-2.02546,85.85
A,GLY,GLU,1611,3.02019,10.0
A,GLY,GLU,1611,5.67217,62.15
E,GLY,GLU,1611,0.307518,85.85
A,GLY,LYS,1611,2.73275,10.0
A,GLY,LYS,1611,6.75501,62.15
E,GLY,LYS,1611,-1.06587,85.85
A,PRO,SER,1613,-0.0551565,10.0
A,PRO,SER,1613,1.49208,62.15
E,PRO,SER,1613,3.61329,85.85
A,PRO,LEU,1626,1.25113,62.15
A,PRO,LEU,1626,2.61655,10.0
E,PRO,LEU,1626,-1.33474,85.85
A,GLY,GLU,1634,3.6163,62.15
A,GLY,GLU,1634,6.58057,10.0
E,GLY,GLU,1634,10.9774,85.85
A,PRO,LEU,1637,4.74826,62.15
A,PRO,LEU,1637,8.01866,10.0
E,PRO,LEU,1637,4.86413,85.85
A,ALA,THR,1641,0.19096,62.15
A,ALA,THR,1641,2.44259,10.0
E,ALA,THR,1641,4.37591,85.85
A,SER,PHE,1645,0.205642,62.15
A,SER,PHE,1645,1.11669,10.0
E,SER,PHE,1645,3.88759,85.85
A,PRO,SER,1660,2.82029,10.0
A,PRO,SER,1660,2.9652,62.15
E,PRO,SER,1660,1.54038,85.85
A,GLY,ARG,1701,3.6214,10.0
A,GLY,ARG,1701,3.67753,62.15
E,GLY,ARG,1701,4.81878,85.85
A,GLY,ARG,1728,-1.5864,62.15
A,GLY,ARG,1728,-1.05332,10.0
E,GLY,ARG,1728,-1.41139,85.85
A,GLY,GLU,1734,0.83988,62.15
A,GLY,GLU,1734,5.67111,10.0
E,GLY,GLU,1734,5.49729,85.85
A,ASP,ASN,1761,-0.434912,62.15
A,ASP,ASN,1761,-0.0679015,10.0
E,ASP,ASN,1761,-0.383558,85.85
A,ALA,THR,1775,0.836694,62.15
A,ALA,THR,1775,3.73387,10.0
E,ALA,THR,1775,0.871738,85.85
A,GLU,GLN,1777,-0.858294,62.15
A,GLU,GLN,1777,0.231169,10.0
E,GLU,GLN,1777,-0.505919,85.85
A,LEU,ARG,1795,-0.0860112,62.15
A,LEU,ARG,1795,-0.0726299,10.0
E,LEU,ARG,1795,0.707995,85.85
A,ASP,ASN,1797,0.30618,62.15
A,ASP,ASN,1797,0.79578,10.0
E,ASP,ASN,1797,0.996352,85.85
A,GLY,GLU,1821,0.136726,62.15
A,GLY,GLU,1821,2.42644,10.0
A,GLY,LYS,1821,-0.369525,62.15
A,GLY,LYS,1821,3.07213,10.0
A,PRO,LEU,1824,0.738736,10.0
A,PRO,LEU,1824,3.34465,62.15
A,PRO,SER,1833,0.652314,10.0
A,PRO,SER,1833,2.81223,62.15
A,GLY,SER,1834,-0.197846,62.15
A,GLY,SER,1834,0.282425,10.0
A,GLU,LYS,1836,-0.935604,62.15
A,GLU,LYS,1836,0.517998,10.0
A,ARG,GLN,1844,0.0438224,62.15
A,ARG,GLN,1844,0.546748,10.0
A,GLY,GLU,1854,2.85528,10.0
A,ALA,THR,1857,0.194754,10.0
A,ALA,VAL,1866,1.82646,10.0
A,PRO,LEU,1870,-1.85927,10.0
A,GLY,GLU,1872,1.92481,10.0
A,GLY,ALA,1874,2.19039,10.0
A,SER,PHE,1883,-0.214924,10.0
A,GLY,ALA,1890,1.84368,10.0
A,GLY,GLU,1890,0.48314,10.0
A,GLY,GLU,1892,1.19227,10.0
A,HIS,TYR,1896,-1.93275,10.0
A,SER,LEU,1901,-0.613744,10.0
A,GLY,GLU,1906,2.76222,10.0
A,PRO,LEU,1909,-0.0198304,10.0
A,ASN,SER,1926,0.0903929,10.0
A,GLY,GLU,1941,-0.871854,10.0
A,ASP,ASN,1947,-0.0364118,10.0
A,GLY,ARG,1957,2.79606,10.0
A,GLY,GLU,1957,4.24984,10.0
A,GLY,VAL,1957,5.1988,10.0
A,GLY,CYS,1960,1.57031,10.0
A,SER,PHE,1963,-0.439215,10.0
A,PRO,LEU,1966,1.7996,10.0
A,PRO,SER,1970,-1.74614,10.0
A,GLY,ARG,1979,3.06844,10.0
A,ASP,ASN,1984,0.0950406,10.0
A,LEU,ARG,1990,-0.056827,10.0
A,MET,ILE,1993,0.724477,10.0
A,MET,THR,1993,1.8335,10.0
A,GLY,LYS,1998,-0.360882,10.0
